{"cameraMode":{"drawMode":0,"name":"Shaded","section":"Shading Mode"},"sceneLighting":true,"audioPlay":false,"sceneViewState":{"showFog":true,"showMaterialUpdate":false,"showSkybox":true,"showFlares":true,"showImageEffects":true,"showParticleSystems":true},"in2DMode":false,"pivot":{"x":38.125919342041019,"y":-21.518423080444337,"z":45.05801010131836},"rotation":{"x":-0.18946857750415803,"y":-0.24253743886947633,"z":0.04836183786392212,"w":-0.950239360332489},"size":35.21193313598633,"orthographic":false}